Workbook
Name FUEL_TABLE: '②배출계수_참조표'!$B$7:$J$13
Name ROAD_TABLE: '②배출계수_참조표'!$B$26:$I$28

Sheet ⓪기본정보
B2: 사찰 온실가스 배출량 산정서
B3: 불교탄소중립실천단 지수광풍 · 동하경영전략랩
B5: 사찰명
B6: 도로명주소
B7: 지번주소
B8: 산정 연도
B9: 작성일
B10: 작성 | C10: 동하경영전략랩 · 불교탄소중립실천단 지수광풍
B11: 조회 근거 | C11: ⑧조회근거 시트 참조
B13: 이 산정은 위 지침의 산정방법을 준용한 자발적 산정이며 할당대상업체의 명세서가 아닙니다. 자세한 범위는 ⑦ 참조.

Sheet ①사용안내_범례
B2: 온실가스 배출량 산정 실무용 템플릿 (진단·명세서용)
B3: 경유·LNG·LPG 등 연료는 [활동량 → 발열량 → TJ환산 → 배출계수 → 산화계수] 5단계를 모두 표시합니다
B5: ■ 이 템플릿을 만든 이유
B6: 기존 시뮬레이터(0605, 0607 등)는 “활동량 × 통합배출계수(tCO2eq/단위)” 한 줄로 계산되어 있어,
B7: 발열량이 어디에 반영되었는지 추적할 수 없고, 값의 출처(IPCC Tier1 vs 국가고유 Tier2)도 섞여 있었습니다.
B8: 이 템플릿은 「온실가스 배출권거래제의 배출량 보고 및 인증에 관한 지침」(환경부고시 환경부고시 제2025-64호)
B9: 제15조·제24조·별표6이 요구하는 대로 발열량·배출계수·산화계수를 각각 별도 항목으로 분리해
B10: 출처를 추적할 수 있도록 재구성했습니다. 사찰 탄소중립 진단에 활용 가능합니다.
B12: ■ 시트 구성
B13: 시트명 | C13: 내용
B14: ①사용안내_범례 | C14: 현재 시트 — 구조 안내, 색상 규칙, 근거 조항
B15: ②배출계수_참조표 | C15: 별표10·11·12 국가고유값 — 회색(수정불가), 모든 계산의 기준 출처
B16: ③Scope1_고정연소 | C16: 보일러·화목 등 고정연소 — 노란 셀에 활동량만 입력, 5단계 자동계산
B17: ④Scope1_이동연소 | C17: 차량연료 — 노란 셀에 활동량만 입력, 5단계 자동계산
B18: ⑤Scope2_전력 | C18: 구매전력 — LB(발전단)·MB(소비단) 병행 산정
B19: ⑥종합요약 | C19: Scope1+2 합계, Tier 적용현황 표
B20: ⑦근거조항 | C20: 제9조·제11조·제14조·제15조·제22조 요약(감사·검증 대응용)
B23: ■ 색상 규칙
B24: 노란색 셀 | C24: 직접 입력 — 활동량(연료·전력 사용량)만 입력. 나머지는 자동계산됩니다
B25: 회색 셀 | C25: 참조표 고정값(발열량·배출계수·산화계수) — 절대 수정하지 마세요
B26: 검은색 텍스트 | C26: 수식으로 자동계산되는 결과
B27: 초록색 텍스트 | C27: 다른 시트를 참조하는 링크 값
B30: ■ 핵심 원칙 (지난 컨설팅 확인사항 반영)
B31: 1. Tier(산정등급)는 계산 편의로 선택하는 것이 아니라 배출규모(별표5)로 강제됩니다 (제11조①)
B32: 2. Tier 그룹 판정은 기업 전체가 아니라 개별 배출시설·배출활동 단위로 합니다 (제9조③·제11조①)
B33: 3. 발열량·배출계수는 같은 Tier 세트로 통일해야 합니다 — Tier1은 별표10+별표11, Tier2는 별표12 (제15조)
B34: 4. Tier1은 국가고유 계수 미고시 시에만 예외 사용 가능합니다 (제22조) — “계산이 쉬워서”는 사유가 아닙니다
B35: 5. 본 템플릿은 원칙적으로 Tier2(국가고유, 별표12)를 기본값으로 사용합니다
B38: ※ 본 템플릿의 참조표 수치는 환경부고시 환경부고시 제2025-64호(2025.4.11. 시행) 별표10·11·12 기준이며, 실제 사용 시 온실가스종합정보센터(gir.go.kr)에서 최신 고시 여부를 반드시 재확인하시기 바랍니다.

Sheet ②배출계수_참조표
B2: 국가 고유 배출계수·발열량 참조표 (별표10·11·12)
B3: 출처: 「온실가스 배출권거래제의 배출량 보고 및 인증에 관한 지침」(환경부고시 환경부고시 제2025-64호, 2025.4.11. 시행) 별표10·11·12
B4: 이 표의 값은 모두 회색(수정 금지)입니다. Scope1 시트는 이 표를 자동으로 참조합니다.
B6: 연료명 | C6: 단위 | D6: 순발열량 (MJ/단위) | E6: CO2배출계수 (kgCO2/TJ) | F6: CH4배출계수 (kgCH4/TJ)* | G6: N2O배출계수 (kgN2O/TJ)* | H6: 산화계수 (CO2용) | I6: 근거 별표 | J6: 생물기원 CO2계수 (kgCO2/TJ, 합계 제외)
B7: 경유(Diesel) | C7: L | D7: 35.2 | E7: 73200 | F7: 10 | G7: 0.6 | H7: 0.99 | I7: 별표12①②, 별표10(상업·공공), 별표6 산화계수 | J7: 0
B8: 등유(Kerosene) | C8: L | D8: 34.2 | E8: 73200 | F8: 10 | G8: 0.6 | H8: 0.99 | I8: 별표12①②, 별표10(상업·공공), 별표6 산화계수 | J8: 0
B9: 휘발유(Gasoline) | C9: L | D9: 30.4 | E9: 71600 | F9: 3 | G9: 0.6 | H9: 0.99 | I9: 별표12①②, 별표10(상업·공공), 별표6 산화계수 | J9: 0
B10: LPG-프로판(LPG1호) | C10: kg | D10: 46.3 | E10: 64600 | F10: 5 | G10: 0.1 | H10: 0.995 | I10: 별표12①②, 별표10(상업·공공), 별표6 산화계수 | J10: 0
B11: LPG-부탄(LPG3호) | C11: kg | D11: 45.7 | E11: 66300 | F11: 5 | G11: 0.1 | H11: 0.995 | I11: 별표12①②, 별표10(상업·공공), 별표6 산화계수 | J11: 0
B12: 도시가스/LNG | C12: Nm³ | D12: 38.9 | E12: 56100 | F12: 5 | G12: 0.1 | H12: 0.995 | I12: 별표12①②, 별표10(상업·공공), 별표6 산화계수 | J12: 0
B13: 화목(장작) | C13: kg | D13: 15.6 | E13: 0 | F13: 300 | G13: 4 | H13: 1 | I13: 별표11·별표10 Ⅴ.바이오매스(상업·공공) / 생물기원 CO2 는 합계 제외 | J13: 112000
B14: * CH4·N2O는 별표12에 국가고유값이 없어 별표10(IPCC 2006 GL Tier1)을 사용합니다. **쓰임이 상업·공공이므로 상업·공공 열**을 씁니다(사찰·교회 등). 별표10의 CH4는 에너지산업/제조업·건설업/상업·공공/가정·기타 네 열이고, 2026-10-24 이전에는 제조업·건설업 열을 쓰고 있었습니다. N2O는 네 연료 모두 상업·공공에서도 같은 값이라 바뀌지 않았습니다. 경유·휘발유는 이 도구에서 차량(이동연소)으로만 쓰므로 그대로 두었습니다 — 이 표는 연료당 한 줄이라 ③고정연소와 ④이동연소가 같은 줄을 봅니다. CO2만 국가고유(Tier2), CH4·N2O는 국제평균(Tier1)을 쓰는 것은 지침상 허용되는 정상적인 조합입니다 (제11조①).
B18: GWP 병행 기준: AR5(IPCC 5차, K-ETS 현행 공식기준) CH4=28, N2O=265 | AR6(IPCC 6차, CBAM·ISSB 등 국제보고용) CH4=29.8(화석연료 기준), N2O=273
B21: 전력배출계수(별도, ⑤Scope2_전력 시트 참조): 발전단 0.3844 / 소비단 0.4173 tCO2eq/MWh (기후에너지환경부 2025.12 공표, 2023년 확정치)
B23: 이동연소(도로) 전용 참조표 — 별표6 「5. 이동연소(도로)」
B24: 도로 Tier 1 산정식은 활동량 x 발열량 x 배출계수 x 10^-6 으로 **산화계수 항이 없습니다.** 그래서 산화계수를 1.0 으로 둡니다. CH4·N2O 는 별표6 <표-4>, CO2·발열량은 별표12(국가 고유)입니다. 고정연소와 CO2 만 같고 CH4·N2O 는 다릅니다.
B25: 연료명 | C25: 단위 | D25: 순발열량 (MJ/단위) | E25: CO2배출계수 (kgCO2/TJ) | F25: CH4배출계수 (kgCH4/TJ) | G25: N2O배출계수 (kgN2O/TJ) | H25: 산화계수 | I25: 근거 별표
B26: 휘발유(Gasoline) | C26: L | D26: 30.4 | E26: 71600 | F26: 25 | G26: 8 | H26: 1 | I26: 별표12①②, 별표6 <표-4>
B27: 경유(Diesel) | C27: L | D27: 35.2 | E27: 73200 | F27: 3.9 | G27: 3.9 | H27: 1 | I27: 별표12①②, 별표6 <표-4>
B28: LPG-부탄(LPG3호) | C28: kg | D28: 45.7 | E28: 66300 | F28: 62 | G28: 0.2 | H28: 1 | I28: 별표12①②, 별표6 <표-4>
B30: * 같은 경유라도 보일러(③)는 CH4 10 · 산화계수 0.99, 차량(④)은 CH4 3.9 · 산화계수 1.0 입니다. 표를 나눈 까닭입니다.

Sheet ③Scope1_고정연소
B2: Scope 1 — 고정연소 배출량 산정 (보일러·화목 등)
B3: 노란 셀(연료명·활동량)만 적으세요. 연료명은 목록에서 고르십시오.
B4: 노란 셀(연료명·활동량)만 입력하세요. 나머지는 ②참조표를 자동으로 불러와 5단계로 계산됩니다.
B6: 1단계 활동량 | E6: 2단계 발열량 | F6: 3단계 TJ환산 | G6: 4단계 배출계수(CO2) | H6: 5단계 산화계수 | I6: CO2 배출량 | J6: 보조가스(CH4) | L6: 보조가스(N2O) | N6: CO2eq — AR5(K-ETS 현행) | P6: CO2eq — AR6(CBAM·ISSB 등) | R6: 산식(검증용) AR5 | S6: 산식(검증용) AR6 | T6: 참고 — 합계 미포함
B7: 연료명 (참조표와 동일 명칭) | C7: 단위 | D7: 활동량 | E7: 발열량 (MJ/단위) | F7: 에너지사용량 (TJ) | G7: CO2계수 (kgCO2/TJ) | H7: 산화계수 | I7: CO2배출량 (kgCO2) | J7: CH4계수 (kgCH4/TJ) | K7: CH4배출량 (kgCH4) | L7: N2O계수 (kgN2O/TJ) | M7: N2O배출량 (kgN2O) | N7: CO2eq-AR5 (kg) | O7: CO2eq-AR5 (tCO2eq) | P7: CO2eq-AR6 (kg) | Q7: CO2eq-AR6 (tCO2eq) | R7: 계산식(AR5, 검증용) | S7: 계산식(AR6, 검증용) | T7: 생물기원 CO2 (kgCO2, 합계 제외)
C8: =IFERROR(INDEX(FUEL_TABLE,MATCH($B8,INDEX(FUEL_TABLE,0,1),0),2),"") | E8: =IFERROR(INDEX(FUEL_TABLE,MATCH($B8,INDEX(FUEL_TABLE,0,1),0),3),"") | F8: =IFERROR(D8*E8/1000000,0) | G8: =IFERROR(INDEX(FUEL_TABLE,MATCH($B8,INDEX(FUEL_TABLE,0,1),0),4),"") | H8: =IFERROR(INDEX(FUEL_TABLE,MATCH($B8,INDEX(FUEL_TABLE,0,1),0),7),"") | I8: =IFERROR(F8*G8*H8,0) | J8: =IFERROR(INDEX(FUEL_TABLE,MATCH($B8,INDEX(FUEL_TABLE,0,1),0),5),"") | K8: =IFERROR(F8*J8,0) | L8: =IFERROR(INDEX(FUEL_TABLE,MATCH($B8,INDEX(FUEL_TABLE,0,1),0),6),"") | M8: =IFERROR(F8*L8,0) | N8: =IFERROR(I8+K8*28+M8*265,0) | O8: =IFERROR(N8/1000,0) | P8: =IFERROR(I8+K8*29.8+M8*273,0) | Q8: =IFERROR(P8/1000,0) | R8: =IF(OR($B8="",$D8=""),"","CO2 "&TEXT(I8,"#,##0")&" + CH4 "&TEXT(K8,"0.0")&"×28 + N2O "&TEXT(M8,"0.00")&"×265 = "&TEXT(N8,"#,##0")&" kgCO2eq") | S8: =IF(OR($B8="",$D8=""),"","CO2 "&TEXT(I8,"#,##0")&" + CH4 "&TEXT(K8,"0.0")&"×29.8 + N2O "&TEXT(M8,"0.00")&"×273 = "&TEXT(P8,"#,##0")&" kgCO2eq") | T8: =IFERROR(IF(INDEX(FUEL_TABLE,MATCH($B8,INDEX(FUEL_TABLE,0,1),0),9)=0,"",F8*INDEX(FUEL_TABLE,MATCH($B8,INDEX(FUEL_TABLE,0,1),0),9)*H8),"")
C9: =IFERROR(INDEX(FUEL_TABLE,MATCH($B9,INDEX(FUEL_TABLE,0,1),0),2),"") | E9: =IFERROR(INDEX(FUEL_TABLE,MATCH($B9,INDEX(FUEL_TABLE,0,1),0),3),"") | F9: =IFERROR(D9*E9/1000000,0) | G9: =IFERROR(INDEX(FUEL_TABLE,MATCH($B9,INDEX(FUEL_TABLE,0,1),0),4),"") | H9: =IFERROR(INDEX(FUEL_TABLE,MATCH($B9,INDEX(FUEL_TABLE,0,1),0),7),"") | I9: =IFERROR(F9*G9*H9,0) | J9: =IFERROR(INDEX(FUEL_TABLE,MATCH($B9,INDEX(FUEL_TABLE,0,1),0),5),"") | K9: =IFERROR(F9*J9,0) | L9: =IFERROR(INDEX(FUEL_TABLE,MATCH($B9,INDEX(FUEL_TABLE,0,1),0),6),"") | M9: =IFERROR(F9*L9,0) | N9: =IFERROR(I9+K9*28+M9*265,0) | O9: =IFERROR(N9/1000,0) | P9: =IFERROR(I9+K9*29.8+M9*273,0) | Q9: =IFERROR(P9/1000,0) | R9: =IF(OR($B9="",$D9=""),"","CO2 "&TEXT(I9,"#,##0")&" + CH4 "&TEXT(K9,"0.0")&"×28 + N2O "&TEXT(M9,"0.00")&"×265 = "&TEXT(N9,"#,##0")&" kgCO2eq") | S9: =IF(OR($B9="",$D9=""),"","CO2 "&TEXT(I9,"#,##0")&" + CH4 "&TEXT(K9,"0.0")&"×29.8 + N2O "&TEXT(M9,"0.00")&"×273 = "&TEXT(P9,"#,##0")&" kgCO2eq") | T9: =IFERROR(IF(INDEX(FUEL_TABLE,MATCH($B9,INDEX(FUEL_TABLE,0,1),0),9)=0,"",F9*INDEX(FUEL_TABLE,MATCH($B9,INDEX(FUEL_TABLE,0,1),0),9)*H9),"")
C10: =IFERROR(INDEX(FUEL_TABLE,MATCH($B10,INDEX(FUEL_TABLE,0,1),0),2),"") | E10: =IFERROR(INDEX(FUEL_TABLE,MATCH($B10,INDEX(FUEL_TABLE,0,1),0),3),"") | F10: =IFERROR(D10*E10/1000000,0) | G10: =IFERROR(INDEX(FUEL_TABLE,MATCH($B10,INDEX(FUEL_TABLE,0,1),0),4),"") | H10: =IFERROR(INDEX(FUEL_TABLE,MATCH($B10,INDEX(FUEL_TABLE,0,1),0),7),"") | I10: =IFERROR(F10*G10*H10,0) | J10: =IFERROR(INDEX(FUEL_TABLE,MATCH($B10,INDEX(FUEL_TABLE,0,1),0),5),"") | K10: =IFERROR(F10*J10,0) | L10: =IFERROR(INDEX(FUEL_TABLE,MATCH($B10,INDEX(FUEL_TABLE,0,1),0),6),"") | M10: =IFERROR(F10*L10,0) | N10: =IFERROR(I10+K10*28+M10*265,0) | O10: =IFERROR(N10/1000,0) | P10: =IFERROR(I10+K10*29.8+M10*273,0) | Q10: =IFERROR(P10/1000,0) | R10: =IF(OR($B10="",$D10=""),"","CO2 "&TEXT(I10,"#,##0")&" + CH4 "&TEXT(K10,"0.0")&"×28 + N2O "&TEXT(M10,"0.00")&"×265 = "&TEXT(N10,"#,##0")&" kgCO2eq") | S10: =IF(OR($B10="",$D10=""),"","CO2 "&TEXT(I10,"#,##0")&" + CH4 "&TEXT(K10,"0.0")&"×29.8 + N2O "&TEXT(M10,"0.00")&"×273 = "&TEXT(P10,"#,##0")&" kgCO2eq") | T10: =IFERROR(IF(INDEX(FUEL_TABLE,MATCH($B10,INDEX(FUEL_TABLE,0,1),0),9)=0,"",F10*INDEX(FUEL_TABLE,MATCH($B10,INDEX(FUEL_TABLE,0,1),0),9)*H10),"")
C11: =IFERROR(INDEX(FUEL_TABLE,MATCH($B11,INDEX(FUEL_TABLE,0,1),0),2),"") | E11: =IFERROR(INDEX(FUEL_TABLE,MATCH($B11,INDEX(FUEL_TABLE,0,1),0),3),"") | F11: =IFERROR(D11*E11/1000000,0) | G11: =IFERROR(INDEX(FUEL_TABLE,MATCH($B11,INDEX(FUEL_TABLE,0,1),0),4),"") | H11: =IFERROR(INDEX(FUEL_TABLE,MATCH($B11,INDEX(FUEL_TABLE,0,1),0),7),"") | I11: =IFERROR(F11*G11*H11,0) | J11: =IFERROR(INDEX(FUEL_TABLE,MATCH($B11,INDEX(FUEL_TABLE,0,1),0),5),"") | K11: =IFERROR(F11*J11,0) | L11: =IFERROR(INDEX(FUEL_TABLE,MATCH($B11,INDEX(FUEL_TABLE,0,1),0),6),"") | M11: =IFERROR(F11*L11,0) | N11: =IFERROR(I11+K11*28+M11*265,0) | O11: =IFERROR(N11/1000,0) | P11: =IFERROR(I11+K11*29.8+M11*273,0) | Q11: =IFERROR(P11/1000,0) | R11: =IF(OR($B11="",$D11=""),"","CO2 "&TEXT(I11,"#,##0")&" + CH4 "&TEXT(K11,"0.0")&"×28 + N2O "&TEXT(M11,"0.00")&"×265 = "&TEXT(N11,"#,##0")&" kgCO2eq") | S11: =IF(OR($B11="",$D11=""),"","CO2 "&TEXT(I11,"#,##0")&" + CH4 "&TEXT(K11,"0.0")&"×29.8 + N2O "&TEXT(M11,"0.00")&"×273 = "&TEXT(P11,"#,##0")&" kgCO2eq") | T11: =IFERROR(IF(INDEX(FUEL_TABLE,MATCH($B11,INDEX(FUEL_TABLE,0,1),0),9)=0,"",F11*INDEX(FUEL_TABLE,MATCH($B11,INDEX(FUEL_TABLE,0,1),0),9)*H11),"")
C12: =IFERROR(INDEX(FUEL_TABLE,MATCH($B12,INDEX(FUEL_TABLE,0,1),0),2),"") | E12: =IFERROR(INDEX(FUEL_TABLE,MATCH($B12,INDEX(FUEL_TABLE,0,1),0),3),"") | F12: =IFERROR(D12*E12/1000000,0) | G12: =IFERROR(INDEX(FUEL_TABLE,MATCH($B12,INDEX(FUEL_TABLE,0,1),0),4),"") | H12: =IFERROR(INDEX(FUEL_TABLE,MATCH($B12,INDEX(FUEL_TABLE,0,1),0),7),"") | I12: =IFERROR(F12*G12*H12,0) | J12: =IFERROR(INDEX(FUEL_TABLE,MATCH($B12,INDEX(FUEL_TABLE,0,1),0),5),"") | K12: =IFERROR(F12*J12,0) | L12: =IFERROR(INDEX(FUEL_TABLE,MATCH($B12,INDEX(FUEL_TABLE,0,1),0),6),"") | M12: =IFERROR(F12*L12,0) | N12: =IFERROR(I12+K12*28+M12*265,0) | O12: =IFERROR(N12/1000,0) | P12: =IFERROR(I12+K12*29.8+M12*273,0) | Q12: =IFERROR(P12/1000,0) | R12: =IF(OR($B12="",$D12=""),"","CO2 "&TEXT(I12,"#,##0")&" + CH4 "&TEXT(K12,"0.0")&"×28 + N2O "&TEXT(M12,"0.00")&"×265 = "&TEXT(N12,"#,##0")&" kgCO2eq") | S12: =IF(OR($B12="",$D12=""),"","CO2 "&TEXT(I12,"#,##0")&" + CH4 "&TEXT(K12,"0.0")&"×29.8 + N2O "&TEXT(M12,"0.00")&"×273 = "&TEXT(P12,"#,##0")&" kgCO2eq") | T12: =IFERROR(IF(INDEX(FUEL_TABLE,MATCH($B12,INDEX(FUEL_TABLE,0,1),0),9)=0,"",F12*INDEX(FUEL_TABLE,MATCH($B12,INDEX(FUEL_TABLE,0,1),0),9)*H12),"")
C13: =IFERROR(INDEX(FUEL_TABLE,MATCH($B13,INDEX(FUEL_TABLE,0,1),0),2),"") | E13: =IFERROR(INDEX(FUEL_TABLE,MATCH($B13,INDEX(FUEL_TABLE,0,1),0),3),"") | F13: =IFERROR(D13*E13/1000000,0) | G13: =IFERROR(INDEX(FUEL_TABLE,MATCH($B13,INDEX(FUEL_TABLE,0,1),0),4),"") | H13: =IFERROR(INDEX(FUEL_TABLE,MATCH($B13,INDEX(FUEL_TABLE,0,1),0),7),"") | I13: =IFERROR(F13*G13*H13,0) | J13: =IFERROR(INDEX(FUEL_TABLE,MATCH($B13,INDEX(FUEL_TABLE,0,1),0),5),"") | K13: =IFERROR(F13*J13,0) | L13: =IFERROR(INDEX(FUEL_TABLE,MATCH($B13,INDEX(FUEL_TABLE,0,1),0),6),"") | M13: =IFERROR(F13*L13,0) | N13: =IFERROR(I13+K13*28+M13*265,0) | O13: =IFERROR(N13/1000,0) | P13: =IFERROR(I13+K13*29.8+M13*273,0) | Q13: =IFERROR(P13/1000,0) | R13: =IF(OR($B13="",$D13=""),"","CO2 "&TEXT(I13,"#,##0")&" + CH4 "&TEXT(K13,"0.0")&"×28 + N2O "&TEXT(M13,"0.00")&"×265 = "&TEXT(N13,"#,##0")&" kgCO2eq") | S13: =IF(OR($B13="",$D13=""),"","CO2 "&TEXT(I13,"#,##0")&" + CH4 "&TEXT(K13,"0.0")&"×29.8 + N2O "&TEXT(M13,"0.00")&"×273 = "&TEXT(P13,"#,##0")&" kgCO2eq") | T13: =IFERROR(IF(INDEX(FUEL_TABLE,MATCH($B13,INDEX(FUEL_TABLE,0,1),0),9)=0,"",F13*INDEX(FUEL_TABLE,MATCH($B13,INDEX(FUEL_TABLE,0,1),0),9)*H13),"")
C14: =IFERROR(INDEX(FUEL_TABLE,MATCH($B14,INDEX(FUEL_TABLE,0,1),0),2),"") | E14: =IFERROR(INDEX(FUEL_TABLE,MATCH($B14,INDEX(FUEL_TABLE,0,1),0),3),"") | F14: =IFERROR(D14*E14/1000000,0) | G14: =IFERROR(INDEX(FUEL_TABLE,MATCH($B14,INDEX(FUEL_TABLE,0,1),0),4),"") | H14: =IFERROR(INDEX(FUEL_TABLE,MATCH($B14,INDEX(FUEL_TABLE,0,1),0),7),"") | I14: =IFERROR(F14*G14*H14,0) | J14: =IFERROR(INDEX(FUEL_TABLE,MATCH($B14,INDEX(FUEL_TABLE,0,1),0),5),"") | K14: =IFERROR(F14*J14,0) | L14: =IFERROR(INDEX(FUEL_TABLE,MATCH($B14,INDEX(FUEL_TABLE,0,1),0),6),"") | M14: =IFERROR(F14*L14,0) | N14: =IFERROR(I14+K14*28+M14*265,0) | O14: =IFERROR(N14/1000,0) | P14: =IFERROR(I14+K14*29.8+M14*273,0) | Q14: =IFERROR(P14/1000,0) | R14: =IF(OR($B14="",$D14=""),"","CO2 "&TEXT(I14,"#,##0")&" + CH4 "&TEXT(K14,"0.0")&"×28 + N2O "&TEXT(M14,"0.00")&"×265 = "&TEXT(N14,"#,##0")&" kgCO2eq") | S14: =IF(OR($B14="",$D14=""),"","CO2 "&TEXT(I14,"#,##0")&" + CH4 "&TEXT(K14,"0.0")&"×29.8 + N2O "&TEXT(M14,"0.00")&"×273 = "&TEXT(P14,"#,##0")&" kgCO2eq") | T14: =IFERROR(IF(INDEX(FUEL_TABLE,MATCH($B14,INDEX(FUEL_TABLE,0,1),0),9)=0,"",F14*INDEX(FUEL_TABLE,MATCH($B14,INDEX(FUEL_TABLE,0,1),0),9)*H14),"")
C15: =IFERROR(INDEX(FUEL_TABLE,MATCH($B15,INDEX(FUEL_TABLE,0,1),0),2),"") | E15: =IFERROR(INDEX(FUEL_TABLE,MATCH($B15,INDEX(FUEL_TABLE,0,1),0),3),"") | F15: =IFERROR(D15*E15/1000000,0) | G15: =IFERROR(INDEX(FUEL_TABLE,MATCH($B15,INDEX(FUEL_TABLE,0,1),0),4),"") | H15: =IFERROR(INDEX(FUEL_TABLE,MATCH($B15,INDEX(FUEL_TABLE,0,1),0),7),"") | I15: =IFERROR(F15*G15*H15,0) | J15: =IFERROR(INDEX(FUEL_TABLE,MATCH($B15,INDEX(FUEL_TABLE,0,1),0),5),"") | K15: =IFERROR(F15*J15,0) | L15: =IFERROR(INDEX(FUEL_TABLE,MATCH($B15,INDEX(FUEL_TABLE,0,1),0),6),"") | M15: =IFERROR(F15*L15,0) | N15: =IFERROR(I15+K15*28+M15*265,0) | O15: =IFERROR(N15/1000,0) | P15: =IFERROR(I15+K15*29.8+M15*273,0) | Q15: =IFERROR(P15/1000,0) | R15: =IF(OR($B15="",$D15=""),"","CO2 "&TEXT(I15,"#,##0")&" + CH4 "&TEXT(K15,"0.0")&"×28 + N2O "&TEXT(M15,"0.00")&"×265 = "&TEXT(N15,"#,##0")&" kgCO2eq") | S15: =IF(OR($B15="",$D15=""),"","CO2 "&TEXT(I15,"#,##0")&" + CH4 "&TEXT(K15,"0.0")&"×29.8 + N2O "&TEXT(M15,"0.00")&"×273 = "&TEXT(P15,"#,##0")&" kgCO2eq") | T15: =IFERROR(IF(INDEX(FUEL_TABLE,MATCH($B15,INDEX(FUEL_TABLE,0,1),0),9)=0,"",F15*INDEX(FUEL_TABLE,MATCH($B15,INDEX(FUEL_TABLE,0,1),0),9)*H15),"")
B16: 합계 | N16: =SUM(N8:N15) | O16: =SUM(O8:O15) | P16: =SUM(P8:P15) | Q16: =SUM(Q8:Q15)
B18: 주1) 연료명은 반드시 ②참조표의 명칭과 정확히 일치해야 자동계산됩니다(오타 시 공란 표시).
B19: 주2) CO2는 국가고유(Tier2, 별표12), CH4·N2O는 IPCC(Tier1, 별표10)를 사용하는 것은 지침상 허용되는 정상 조합입니다.
B20: 주3) 산화계수는 CO2에만 적용합니다(CH4·N2O는 산화계수 미적용, 제2조24호·정의 참조).
B21: 주4) AR5=K-ETS 국내 공식보고 기준(제출용) / AR6=CBAM·ISSB 등 국제보고 대응용 — 국내 명세서는 AR5 값을 사용하세요.

Sheet ④Scope1_이동연소
B2: Scope 1 — 이동연소 배출량 산정 (사찰 보유 차량)
B3: 노란 셀(연료명·활동량)만 적으세요. 연료명은 목록에서 고르십시오.
B4: 노란 셀(연료명·활동량)만 입력하세요. 나머지는 ②참조표를 자동으로 불러와 5단계로 계산됩니다.
B5: 참고: 도로 이동연소는 별표6 「5. 이동연소(도로)」를 따릅니다. CO2·발열량은 별표12로 고정연소와 같지만 **CH4·N2O 는 <표-4> 의 도로 전용 값이라 다릅니다** (휘발유 25/8.0, 경유 3.9/3.9, LPG 62/0.2). 도로 산정식에는 산화계수 항이 없어 1.0 을 씁니다.
B6: 1단계 활동량 | E6: 2단계 발열량 | F6: 3단계 TJ환산 | G6: 4단계 배출계수(CO2) | H6: 5단계 산화계수 | I6: CO2 배출량 | J6: 보조가스(CH4) | L6: 보조가스(N2O) | N6: CO2eq — AR5(K-ETS 현행) | P6: CO2eq — AR6(CBAM·ISSB 등) | R6: 산식(검증용) AR5 | S6: 산식(검증용) AR6
B7: 연료명 (참조표와 동일 명칭) | C7: 단위 | D7: 활동량 | E7: 발열량 (MJ/단위) | F7: 에너지사용량 (TJ) | G7: CO2계수 (kgCO2/TJ) | H7: 산화계수 | I7: CO2배출량 (kgCO2) | J7: CH4계수 (kgCH4/TJ) | K7: CH4배출량 (kgCH4) | L7: N2O계수 (kgN2O/TJ) | M7: N2O배출량 (kgN2O) | N7: CO2eq-AR5 (kg) | O7: CO2eq-AR5 (tCO2eq) | P7: CO2eq-AR6 (kg) | Q7: CO2eq-AR6 (tCO2eq) | R7: 계산식(AR5, 검증용) | S7: 계산식(AR6, 검증용)
C8: =IFERROR(INDEX(ROAD_TABLE,MATCH($B8,INDEX(ROAD_TABLE,0,1),0),2),"") | E8: =IFERROR(INDEX(ROAD_TABLE,MATCH($B8,INDEX(ROAD_TABLE,0,1),0),3),"") | F8: =IFERROR(D8*E8/1000000,0) | G8: =IFERROR(INDEX(ROAD_TABLE,MATCH($B8,INDEX(ROAD_TABLE,0,1),0),4),"") | H8: =IFERROR(INDEX(ROAD_TABLE,MATCH($B8,INDEX(ROAD_TABLE,0,1),0),7),"") | I8: =IFERROR(F8*G8*H8,0) | J8: =IFERROR(INDEX(ROAD_TABLE,MATCH($B8,INDEX(ROAD_TABLE,0,1),0),5),"") | K8: =IFERROR(F8*J8,0) | L8: =IFERROR(INDEX(ROAD_TABLE,MATCH($B8,INDEX(ROAD_TABLE,0,1),0),6),"") | M8: =IFERROR(F8*L8,0) | N8: =IFERROR(I8+K8*28+M8*265,0) | O8: =IFERROR(N8/1000,0) | P8: =IFERROR(I8+K8*29.8+M8*273,0) | Q8: =IFERROR(P8/1000,0) | R8: =IF(OR($B8="",$D8=""),"","CO2 "&TEXT(I8,"#,##0")&" + CH4 "&TEXT(K8,"0.0")&"×28 + N2O "&TEXT(M8,"0.00")&"×265 = "&TEXT(N8,"#,##0")&" kgCO2eq") | S8: =IF(OR($B8="",$D8=""),"","CO2 "&TEXT(I8,"#,##0")&" + CH4 "&TEXT(K8,"0.0")&"×29.8 + N2O "&TEXT(M8,"0.00")&"×273 = "&TEXT(P8,"#,##0")&" kgCO2eq")
C9: =IFERROR(INDEX(ROAD_TABLE,MATCH($B9,INDEX(ROAD_TABLE,0,1),0),2),"") | E9: =IFERROR(INDEX(ROAD_TABLE,MATCH($B9,INDEX(ROAD_TABLE,0,1),0),3),"") | F9: =IFERROR(D9*E9/1000000,0) | G9: =IFERROR(INDEX(ROAD_TABLE,MATCH($B9,INDEX(ROAD_TABLE,0,1),0),4),"") | H9: =IFERROR(INDEX(ROAD_TABLE,MATCH($B9,INDEX(ROAD_TABLE,0,1),0),7),"") | I9: =IFERROR(F9*G9*H9,0) | J9: =IFERROR(INDEX(ROAD_TABLE,MATCH($B9,INDEX(ROAD_TABLE,0,1),0),5),"") | K9: =IFERROR(F9*J9,0) | L9: =IFERROR(INDEX(ROAD_TABLE,MATCH($B9,INDEX(ROAD_TABLE,0,1),0),6),"") | M9: =IFERROR(F9*L9,0) | N9: =IFERROR(I9+K9*28+M9*265,0) | O9: =IFERROR(N9/1000,0) | P9: =IFERROR(I9+K9*29.8+M9*273,0) | Q9: =IFERROR(P9/1000,0) | R9: =IF(OR($B9="",$D9=""),"","CO2 "&TEXT(I9,"#,##0")&" + CH4 "&TEXT(K9,"0.0")&"×28 + N2O "&TEXT(M9,"0.00")&"×265 = "&TEXT(N9,"#,##0")&" kgCO2eq") | S9: =IF(OR($B9="",$D9=""),"","CO2 "&TEXT(I9,"#,##0")&" + CH4 "&TEXT(K9,"0.0")&"×29.8 + N2O "&TEXT(M9,"0.00")&"×273 = "&TEXT(P9,"#,##0")&" kgCO2eq")
C10: =IFERROR(INDEX(ROAD_TABLE,MATCH($B10,INDEX(ROAD_TABLE,0,1),0),2),"") | E10: =IFERROR(INDEX(ROAD_TABLE,MATCH($B10,INDEX(ROAD_TABLE,0,1),0),3),"") | F10: =IFERROR(D10*E10/1000000,0) | G10: =IFERROR(INDEX(ROAD_TABLE,MATCH($B10,INDEX(ROAD_TABLE,0,1),0),4),"") | H10: =IFERROR(INDEX(ROAD_TABLE,MATCH($B10,INDEX(ROAD_TABLE,0,1),0),7),"") | I10: =IFERROR(F10*G10*H10,0) | J10: =IFERROR(INDEX(ROAD_TABLE,MATCH($B10,INDEX(ROAD_TABLE,0,1),0),5),"") | K10: =IFERROR(F10*J10,0) | L10: =IFERROR(INDEX(ROAD_TABLE,MATCH($B10,INDEX(ROAD_TABLE,0,1),0),6),"") | M10: =IFERROR(F10*L10,0) | N10: =IFERROR(I10+K10*28+M10*265,0) | O10: =IFERROR(N10/1000,0) | P10: =IFERROR(I10+K10*29.8+M10*273,0) | Q10: =IFERROR(P10/1000,0) | R10: =IF(OR($B10="",$D10=""),"","CO2 "&TEXT(I10,"#,##0")&" + CH4 "&TEXT(K10,"0.0")&"×28 + N2O "&TEXT(M10,"0.00")&"×265 = "&TEXT(N10,"#,##0")&" kgCO2eq") | S10: =IF(OR($B10="",$D10=""),"","CO2 "&TEXT(I10,"#,##0")&" + CH4 "&TEXT(K10,"0.0")&"×29.8 + N2O "&TEXT(M10,"0.00")&"×273 = "&TEXT(P10,"#,##0")&" kgCO2eq")
C11: =IFERROR(INDEX(ROAD_TABLE,MATCH($B11,INDEX(ROAD_TABLE,0,1),0),2),"") | E11: =IFERROR(INDEX(ROAD_TABLE,MATCH($B11,INDEX(ROAD_TABLE,0,1),0),3),"") | F11: =IFERROR(D11*E11/1000000,0) | G11: =IFERROR(INDEX(ROAD_TABLE,MATCH($B11,INDEX(ROAD_TABLE,0,1),0),4),"") | H11: =IFERROR(INDEX(ROAD_TABLE,MATCH($B11,INDEX(ROAD_TABLE,0,1),0),7),"") | I11: =IFERROR(F11*G11*H11,0) | J11: =IFERROR(INDEX(ROAD_TABLE,MATCH($B11,INDEX(ROAD_TABLE,0,1),0),5),"") | K11: =IFERROR(F11*J11,0) | L11: =IFERROR(INDEX(ROAD_TABLE,MATCH($B11,INDEX(ROAD_TABLE,0,1),0),6),"") | M11: =IFERROR(F11*L11,0) | N11: =IFERROR(I11+K11*28+M11*265,0) | O11: =IFERROR(N11/1000,0) | P11: =IFERROR(I11+K11*29.8+M11*273,0) | Q11: =IFERROR(P11/1000,0) | R11: =IF(OR($B11="",$D11=""),"","CO2 "&TEXT(I11,"#,##0")&" + CH4 "&TEXT(K11,"0.0")&"×28 + N2O "&TEXT(M11,"0.00")&"×265 = "&TEXT(N11,"#,##0")&" kgCO2eq") | S11: =IF(OR($B11="",$D11=""),"","CO2 "&TEXT(I11,"#,##0")&" + CH4 "&TEXT(K11,"0.0")&"×29.8 + N2O "&TEXT(M11,"0.00")&"×273 = "&TEXT(P11,"#,##0")&" kgCO2eq")
C12: =IFERROR(INDEX(ROAD_TABLE,MATCH($B12,INDEX(ROAD_TABLE,0,1),0),2),"") | E12: =IFERROR(INDEX(ROAD_TABLE,MATCH($B12,INDEX(ROAD_TABLE,0,1),0),3),"") | F12: =IFERROR(D12*E12/1000000,0) | G12: =IFERROR(INDEX(ROAD_TABLE,MATCH($B12,INDEX(ROAD_TABLE,0,1),0),4),"") | H12: =IFERROR(INDEX(ROAD_TABLE,MATCH($B12,INDEX(ROAD_TABLE,0,1),0),7),"") | I12: =IFERROR(F12*G12*H12,0) | J12: =IFERROR(INDEX(ROAD_TABLE,MATCH($B12,INDEX(ROAD_TABLE,0,1),0),5),"") | K12: =IFERROR(F12*J12,0) | L12: =IFERROR(INDEX(ROAD_TABLE,MATCH($B12,INDEX(ROAD_TABLE,0,1),0),6),"") | M12: =IFERROR(F12*L12,0) | N12: =IFERROR(I12+K12*28+M12*265,0) | O12: =IFERROR(N12/1000,0) | P12: =IFERROR(I12+K12*29.8+M12*273,0) | Q12: =IFERROR(P12/1000,0) | R12: =IF(OR($B12="",$D12=""),"","CO2 "&TEXT(I12,"#,##0")&" + CH4 "&TEXT(K12,"0.0")&"×28 + N2O "&TEXT(M12,"0.00")&"×265 = "&TEXT(N12,"#,##0")&" kgCO2eq") | S12: =IF(OR($B12="",$D12=""),"","CO2 "&TEXT(I12,"#,##0")&" + CH4 "&TEXT(K12,"0.0")&"×29.8 + N2O "&TEXT(M12,"0.00")&"×273 = "&TEXT(P12,"#,##0")&" kgCO2eq")
C13: =IFERROR(INDEX(ROAD_TABLE,MATCH($B13,INDEX(ROAD_TABLE,0,1),0),2),"") | E13: =IFERROR(INDEX(ROAD_TABLE,MATCH($B13,INDEX(ROAD_TABLE,0,1),0),3),"") | F13: =IFERROR(D13*E13/1000000,0) | G13: =IFERROR(INDEX(ROAD_TABLE,MATCH($B13,INDEX(ROAD_TABLE,0,1),0),4),"") | H13: =IFERROR(INDEX(ROAD_TABLE,MATCH($B13,INDEX(ROAD_TABLE,0,1),0),7),"") | I13: =IFERROR(F13*G13*H13,0) | J13: =IFERROR(INDEX(ROAD_TABLE,MATCH($B13,INDEX(ROAD_TABLE,0,1),0),5),"") | K13: =IFERROR(F13*J13,0) | L13: =IFERROR(INDEX(ROAD_TABLE,MATCH($B13,INDEX(ROAD_TABLE,0,1),0),6),"") | M13: =IFERROR(F13*L13,0) | N13: =IFERROR(I13+K13*28+M13*265,0) | O13: =IFERROR(N13/1000,0) | P13: =IFERROR(I13+K13*29.8+M13*273,0) | Q13: =IFERROR(P13/1000,0) | R13: =IF(OR($B13="",$D13=""),"","CO2 "&TEXT(I13,"#,##0")&" + CH4 "&TEXT(K13,"0.0")&"×28 + N2O "&TEXT(M13,"0.00")&"×265 = "&TEXT(N13,"#,##0")&" kgCO2eq") | S13: =IF(OR($B13="",$D13=""),"","CO2 "&TEXT(I13,"#,##0")&" + CH4 "&TEXT(K13,"0.0")&"×29.8 + N2O "&TEXT(M13,"0.00")&"×273 = "&TEXT(P13,"#,##0")&" kgCO2eq")
C14: =IFERROR(INDEX(ROAD_TABLE,MATCH($B14,INDEX(ROAD_TABLE,0,1),0),2),"") | E14: =IFERROR(INDEX(ROAD_TABLE,MATCH($B14,INDEX(ROAD_TABLE,0,1),0),3),"") | F14: =IFERROR(D14*E14/1000000,0) | G14: =IFERROR(INDEX(ROAD_TABLE,MATCH($B14,INDEX(ROAD_TABLE,0,1),0),4),"") | H14: =IFERROR(INDEX(ROAD_TABLE,MATCH($B14,INDEX(ROAD_TABLE,0,1),0),7),"") | I14: =IFERROR(F14*G14*H14,0) | J14: =IFERROR(INDEX(ROAD_TABLE,MATCH($B14,INDEX(ROAD_TABLE,0,1),0),5),"") | K14: =IFERROR(F14*J14,0) | L14: =IFERROR(INDEX(ROAD_TABLE,MATCH($B14,INDEX(ROAD_TABLE,0,1),0),6),"") | M14: =IFERROR(F14*L14,0) | N14: =IFERROR(I14+K14*28+M14*265,0) | O14: =IFERROR(N14/1000,0) | P14: =IFERROR(I14+K14*29.8+M14*273,0) | Q14: =IFERROR(P14/1000,0) | R14: =IF(OR($B14="",$D14=""),"","CO2 "&TEXT(I14,"#,##0")&" + CH4 "&TEXT(K14,"0.0")&"×28 + N2O "&TEXT(M14,"0.00")&"×265 = "&TEXT(N14,"#,##0")&" kgCO2eq") | S14: =IF(OR($B14="",$D14=""),"","CO2 "&TEXT(I14,"#,##0")&" + CH4 "&TEXT(K14,"0.0")&"×29.8 + N2O "&TEXT(M14,"0.00")&"×273 = "&TEXT(P14,"#,##0")&" kgCO2eq")
B15: 합계 | N15: =SUM(N8:N14) | O15: =SUM(O8:O14) | P15: =SUM(P8:P14) | Q15: =SUM(Q8:Q14)
B17: 주1) 연료명은 반드시 ②참조표의 명칭과 정확히 일치해야 자동계산됩니다(오타 시 공란 표시).
B18: 주2) CO2는 국가고유(Tier2, 별표12), CH4·N2O는 IPCC(Tier1, 별표10)를 사용하는 것은 지침상 허용되는 정상 조합입니다.
B19: 주3) 산화계수는 CO2에만 적용합니다(CH4·N2O는 산화계수 미적용, 제2조24호·정의 참조).
B20: 주4) AR5=K-ETS 국내 공식보고 기준(제출용) / AR6=CBAM·ISSB 등 국제보고 대응용 — 국내 명세서는 AR5 값을 사용하세요.

Sheet ⑤Scope2_전력
B2: Scope 2 — 구매전력 배출량 산정 (발전단 보고 · 소비단 참고)
B3: Scope2 보고는 발전단(LB) 계수를 씁니다. 소비단은 참고값입니다. 소비단은 발전단에 송배전 손실을 반영한 값으로 **여전히 지역 기준**이며, REC·PPA 같은 계약 수단을 반영하는 시장 기준(MB)과는 다른 개념입니다.
B6: 항목 | C6: 단위 | D6: 활동량(입력) | E6: 배출계수 (tCO2eq/MWh) | F6: 배출량(tCO2eq)
B7: 구매전력 — 발전단(LB, Location-Based) 기준 | C7: kWh | E7: 0.3844 | F7: =D7/1000*E7
B8: 구매전력 — 소비단 기준(참고) | C8: kWh | D8: =D7 | E8: 0.4173 | F8: =D8/1000*E8
B10: 재생에너지 구매(REC·PPA·녹색프리미엄) — 참고 | C10: kWh | E10: 0 | F10: 0
B12: Scope2 최종 배출량 — LB 기준(보고용 원칙) | F12: =F7
B13: 재생에너지 반영 참고 배출량 (합계 미포함) | C13: (구매전력 − 재생에너지) ÷ 1000 × 발전단 계수 | F13: =MAX((D7-D10)/1000*E7,0)
B16: 출처: 전력배출계수(발전단 0.3844 / 소비단 0.4173 tCO2eq/MWh)는 기후에너지환경부 2025년 12월 공표 2023년 확정치입니다. 매년 갱신되므로 사용 시점마다 gir.go.kr에서 최신값을 재확인하세요. | 다음 공표: 2026년 12월(2024년 확정치) 예정
B20: 자가 태양광 (있으면 입력 — 감축 실적이 보이도록)
B21: 자가 태양광 발전량 | C21: kWh
B22: 그중 자가소비량 | C22: kWh
B23: 회피 배출량 (참고, 합계 미포함) | C23: tCO2eq | D23: =D22/1000*E7
B24: * 회피 배출량은 참고값이며 ⑥종합요약 합계에 넣지 않습니다. 태양광이 있으면 구매전력이 줄어 배출이 낮게 나오는데, 왜 낮은지가 보이도록 따로 적습니다.

Sheet ⑥종합요약
B2: Scope 1+2 종합 요약
B3: 아래 표는 각 시트의 합계를 자동으로 불러옵니다(직접 입력 금지 — 전부 링크 수식).
B4: 대상: | 기준연도: 년 | 작성일:
B5: 노란 셀에 활동량만 적으시면 나머지는 자동으로 계산됩니다.
B6: 구분 | C6: 배출원 | D6: 배출량(tCO2eq) | E6: 비고
B7: Scope 1 | C7: 고정연소 | D7: =③Scope1_고정연소!O16 | E7: 보일러 등
B8: Scope 1 | C8: 이동연소 | D8: =④Scope1_이동연소!O15 | E8: 사업장 차량
B9: Scope 2 | C9: 전력(LB 기준) | D9: =⑤Scope2_전력!F12 | E9: 보고용 원칙
B10: 합계 | D10: =SUM(D7:D9)
B13: Scope2 참고 — 소비단 기준(합계 미포함) | D13: =⑤Scope2_전력!F8
B15: Scope1 참고 — AR6(CBAM·ISSB 등 국제보고용) 기준
B16: 고정연소(AR6) | D16: =③Scope1_고정연소!Q16
B17: 이동연소(AR6) | D17: =④Scope1_이동연소!Q15
B18: AR5 대비 AR6 차이(참고) | D18: =(D16+D17)-(D7+D8)
B21: Tier 적용현황
B22: 연료 / 배출원 | C22: CO2 계수 | D22: CH4·N2O 계수 | E22: 산화계수
B23: 도시가스 (보일러) | C23: Tier 2 (별표12) | D23: Tier 1 (별표10 상업·공공) | E23: Tier 2 (0.995)
B24: 등유 (보일러) | C24: Tier 2 (별표12) | D24: Tier 1 (별표10 상업·공공) | E24: Tier 2 (0.99)
B25: LPG (보일러) | C25: Tier 2 (별표12) | D25: Tier 1 (별표10 상업·공공) | E25: Tier 2 (0.995)
B26: 화목 (보일러) | C26: Tier 1 (별표10, 생물기원·합계 제외) | D26: Tier 1 (별표10 상업·공공) | E26: Tier 1 (1.0)
B27: 휘발유·경유 (차량) | C27: Tier 2 (별표12) | D27: Tier 1 (별표6 <표-4> 도로) | E27: 해당 없음
B28: 구매전력 | C28: 국가 전력배출계수 (발전단 LB) | D28: 해당 없음 | E28: 해당 없음

Sheet ⑦근거조항
B2: 적용 범위와 근거 조항
B3: 「온실가스 배출권거래제의 배출량 보고 및 인증에 관한 지침」(환경부고시 제2025-64호, 2025.4.11. 시행)
B5: 적용 범위 — 이 산정은 위 지침의 산정방법을 **준용한 자발적 산정**이며, 할당대상업체의 명세서가 아닙니다. 범위는 Scope 1(고정·이동연소)과 Scope 2(구매전력)이고, Scope 3(상수도·폐기물 등)은 포함하지 않습니다. CH4·N2O 계수는 별표10의 업종 기준에 따라 상업·공공(한국표준산업분류 중분류 94 — 협회 및 단체, 종교단체 포함)을 적용했습니다.
B10: 제15조①②(계수활용) | C10: Tier1은 별표10+11, Tier2는 국가고유(별표12)를 세트로 사용 | D10: ②참조표를 Tier2(별표12) 세트로 통일 구성
B11: 제22조(적용특례) | C11: 국가고유 계수가 미고시된 경우에 한해 예외적으로 Tier1 허용 | D11: ②참조표에 없는 연료는 별표10 값을 사유와 함께 추가
B12: 제24조(산정계획) | C12: 매개변수(활동자료·배출계수·발열량·산화율)를 각각 관리해야 한다 | D12: ③④시트에서 5단계를 모두 별도 열로 분리 표시
